Item Name, Price, Stock Number, Item Type, Item ID, Net Profit
BOX OF 12 Draper 870PZB Expert 100mm x No 2 PZ Type Mechanics Screwdriver JOBLOT,12.99,4,Screwdrivers & Nutdrivers,142790721066,10.392
1 x Draper 870PZB Expert 100mm x No 2 PZ Type Mechanics Screwdriver ,6.99,3,Screwdrivers & Nutdrivers,142792050817,5.592
7 x  Pendant & Necklace Sets ~ Job lot Bundle,6.99,1,Necklaces & Pendants,143010484681,5.592
17 x Owl Pendant & Necklace Sets ~ Job lot Bundle,19.99,1,Necklaces & Pendants,143010485501,15.992
TRIUMPH CHAIN GUARD EXTENDED SKIRT TO SWING ARM TORQUE STAY CLAMP F3808 82-3808,4.99,2,Other Motorcycle & Scooter Parts & Accessories,143642145021,3.9919999
Elle Macpherson Intimates Red Underwire Padded Bra  32B,9.99,1,Bras & Bra Sets,143671824856,7.992
Elle Macpherson Intimates Aqua Underwire Padded Bra  32C,9.99,4,Bras & Bra Sets,143671825858,7.992
Elle Macpherson Intimates Aqua Underwire Padded Bra  32B,9.99,1,Bras & Bra Sets,143671826290,7.992
Elle Macpherson Intimates Artistry Contour Underwire Bra  32G,9.99,1,Bras & Bra Sets,143671827169,7.992
Elle Macpherson Intimates Artistry Blue Contour Underwire Bra  32G,9.99,1,Bras & Bra Sets,143674465220,7.992
Elle Macpherson Intimates Pink Padded Underwire Bra  36D,9.99,1,Bras & Bra Sets,143683129250,7.992
Elle Macpherson Intimates Pink Padded Underwire Bra  36C,9.99,1,Bras & Bra Sets,143683131754,7.992
Elle Macpherson Intimates Pink Padded Underwire Bra  32C,9.99,1,Bras & Bra Sets,143683147366,7.992
Elle Macpherson Intimates Black/Pink Padded Underwire Bra  34B,9.99,1,Bras & Bra Sets,143683149117,7.992
Elle Macpherson Intimates Pink Padded Underwire Bra  32B,9.99,1,Bras & Bra Sets,143683152105,7.992
Elle Macpherson Intimates Red Padded Underwire Bra  32B,9.99,1,Bras & Bra Sets,143683154740,7.992
Elle Macpherson Intimates Pink  Underwire Bra  32G,9.99,2,Bras & Bra Sets,143683163224,7.992
NEW ELLE MACPHERSON INTIMATES BLUE THONG E16-731 SIZE SMALL,5.99,1,Knickers,143780448840,4.792
NEW ELLE MACPHERSON INTIMATES BLUE THONG E16-731 SIZE MEDIUM,5.99,1,Knickers,143780449314,4.792
NEW ELLE MACPHERSON INTIMATES CREAM KNICKERS E15-765 SIZE MEDIUM,5.99,2,Knickers,143780478766,4.792
NEW ELLE MACPHERSON INTIMATES CREAM KNICKERS E15-765 SIZE SMALL,5.99,2,Knickers,143780479577,4.792
NEW ELLE MACPHERSON INTIMATES CREAM THONG E16-765 SIZE SMALL,5.99,3,Knickers,143780481555,4.792
NEW ELLE MACPHERSON INTIMATES CREAM THONG E16-765 SIZE MEDIUM,5.99,2,Knickers,143780483769,4.792
NEW ELLE MACPHERSON INTIMATES PINK POLKA DOT THONG E16-314 SIZE MEDIUM,5.99,2,Knickers,143780488148,4.792
NEW ELLE MACPHERSON INTIMATES PINK POLKA DOT THONG E16-314 SIZE SMALL,5.99,1,Knickers,143780488608,4.792
NEW ELLE MACPHERSON INTIMATES PINK POLKA DOT THONG E16-314 SIZE LARGE,5.99,3,Knickers,143780489056,4.792
Elle Macpherson Intimates Aqua Underwire Padded Bra  32D,9.99,3,Bras & Bra Sets,144271587969,7.992
AC/DC Hells Bells 1980 Back In Black Tour T-shirt Women Size XL,14.99,1,AC/DC,144400285905,11.992
Hipster Santa Glitter Beard - Black Women’s Christmas Sweatshirt X-LARGE,9.99,1,Hoodies & Sweatshirts,144547311627,7.992
Mens Mass Effect Bioware EA t shirt size X-Large - Loot Gaming exclusive,19.99,1,T-Shirts,144558388642,15.992
Intel Core i5 - 4460 3.20GHz SR1QK CPU Processor X6048184,19.99,1,CPUs/Processors,144576033709,15.992
Loot Crate Mens Blue    T-Shirt Size XL  - Rick and Morty,9.99,1,T-Shirts,144578798763,7.992
NASA SPACE LOGO ASTRONAUT UNISEX T-SHIRT Size X-LARGE,9.99,1,T-Shirts,144578802847,7.992
AC/DC For Those About To Rock Sleeveless T Shirt Size 2XL,14.99,1,AC/DC,144578805786,11.992
AC/DC Socks (UK 7-11) FOR THOSE ABOUT TO ROCK Official Licensed,7.95,3,Socks,144880257794,6.36
AC/DC Socks (UK 7-11) HIGH VOLTAGE  Official Licensed,7.95,3,Socks,144880271845,6.36
AC/DC Socks (UK 7-11)  Official Licensed,7.95,1,Socks,144880284572,6.36
AC/DC Highway To Hell Cap size 58,9.99,1,Hats,144902129802,7.992
Official AC/DC Back in Black Hoodie Size Medium Colour Black,25.99,1,Hoodies & Sweatshirts,144902159629,20.792
